session_name,physiology_modality,subject_id,collection_date,collection_site,investigators,rig_id,funding_source,on_vast,vast_path,ISSUE_DESCRIPTION,REWARD_CONSUMED_TOTAL_MICROLITER,SESSION_DURATION_MINUTES,TOTAL_TRIALS,TOTAL_LICKS,LEFT_REWARDS,RIGHT_REWARDS,LEFT_LICKS,RIGHT_LICKS,SESSION_DURATION_SECONDS,TRIAL_TYPE_CSPLUS_COUNT,TRIAL_TYPE_CSMINUS_COUNT,SESSION_NOTES,SESSION_START_TIME,SESSION_END_TIME,DATA_STREAM_START_TIME,DATA_STREAM_END_TIME,IACUC_PROTOCOL,EXPERIMENTER_FULL_NAME_LIST,SUBJECT_WEIGHT_PRIOR,SUBJECT_WEIGHT_POST,DATE_OF_BIRTH,BREEDING_INFO,GENOTYPE,SUBJECT_SEX,has_procedure_metadata,has_subject_metadata
mKJ005d20230624,fiber_photometry,KJ005,2023-06-24,hopkins,"Sue Su, Jeremiah Cohen",hopkins_fiber,,True,scratch/sueSu/KJ005/mKJ005d20230624,Success,717.0,59.41875,489.0,4549.0,69.0,170.0,1578.0,2971.0,3565.125,470.0,19.0,,,,,,,,,,,,,,True,True
mKJ005d20230626,fiber_photometry,KJ005,2023-06-26,hopkins,"Sue Su, Jeremiah Cohen",hopkins_fiber,,True,scratch/sueSu/KJ005/mKJ005d20230626,Success,855.0,70.30494999999999,570.0,4870.0,163.0,122.0,3141.0,1729.0,4218.297,544.0,26.0,,,,,,,,,,,,,,True,True
mKJ005d20230627,fiber_photometry,KJ005,2023-06-27,hopkins,"Sue Su, Jeremiah Cohen",hopkins_fiber,,True,scratch/sueSu/KJ005/mKJ005d20230627,Success,819.0,66.71935,552.0,4286.0,109.0,164.0,1887.0,2399.0,4003.161,524.0,28.0,,,,,,,,,,,,,,True,True
mKJ005d20230628,fiber_photometry,KJ005,2023-06-28,hopkins,"Sue Su, Jeremiah Cohen",hopkins_fiber,,True,scratch/sueSu/KJ005/mKJ005d20230628,Success,1047.0,79.84276666666666,660.0,5136.0,209.0,140.0,3111.0,2025.0,4790.566,644.0,16.0,,,,,,,,,,,,,,True,True
mKJ005d20230629,fiber_photometry,KJ005,2023-06-29,hopkins,"Sue Su, Jeremiah Cohen",hopkins_fiber,,True,scratch/sueSu/KJ005/mKJ005d20230629,Success,702.0,49.34128333333333,438.0,3590.0,99.0,135.0,1541.0,2049.0,2960.477,425.0,13.0,,,,,,,,,,,,,,True,True
mKJ005d20230630,fiber_photometry,KJ005,2023-06-30,hopkins,"Sue Su, Jeremiah Cohen",hopkins_fiber,,True,scratch/sueSu/KJ005/mKJ005d20230630,Success,1380.0,87.88674999999999,785.0,5968.0,138.0,322.0,1814.0,4154.0,5273.205,753.0,32.0,,,,,,,,,,,,,,True,True
mKJ005d20230701,fiber_photometry,KJ005,2023-07-01,hopkins,"Sue Su, Jeremiah Cohen",hopkins_fiber,,True,scratch/sueSu/KJ005/mKJ005d20230701,Success,1104.0,78.78490000000001,705.0,5534.0,221.0,147.0,3027.0,2507.0,4727.094,675.0,30.0,,,,,,,,,,,,,,True,True
mKJ005d20230702,fiber_photometry,KJ005,2023-07-02,hopkins,"Sue Su, Jeremiah Cohen",hopkins_fiber,,True,scratch/sueSu/KJ005/mKJ005d20230702,Success,1263.0,82.57756666666667,744.0,6454.0,217.0,204.0,3160.0,3294.0,4954.654,708.0,36.0,,,,,,,,,,,,,,True,True
mKJ005d20230703,fiber_photometry,KJ005,2023-07-03,hopkins,"Sue Su, Jeremiah Cohen",hopkins_fiber,,True,scratch/sueSu/KJ005/mKJ005d20230703,Success,1035.0,74.71148333333333,639.0,5683.0,238.0,107.0,3886.0,1797.0,4482.689,619.0,20.0,,,,,,,,,,,,,,True,True
mKJ005d20230704,fiber_photometry,KJ005,2023-07-04,hopkins,"Sue Su, Jeremiah Cohen",hopkins_fiber,,True,scratch/sueSu/KJ005/mKJ005d20230704,Success,1056.0,73.69211666666666,614.0,5859.0,169.0,183.0,2879.0,2980.0,4421.527,593.0,21.0,,,,,,,,,,,,,,True,True
mKJ005d20230705,fiber_photometry,KJ005,2023-07-05,hopkins,"Sue Su, Jeremiah Cohen",hopkins_fiber,,True,scratch/sueSu/KJ005/mKJ005d20230705,Success,1212.0,77.88641666666668,674.0,6439.0,209.0,195.0,3285.0,3154.0,4673.185,647.0,27.0,,,,,,,,,,,,,,True,True
mKJ005d20230706,fiber_photometry,KJ005,2023-07-06,hopkins,"Sue Su, Jeremiah Cohen",hopkins_fiber,,True,scratch/sueSu/KJ005/mKJ005d20230706,Success,1029.0,68.70416666666667,621.0,5305.0,155.0,188.0,2151.0,3154.0,4122.25,602.0,19.0,,,,,,,,,,,,,,True,True
mKJ005d20230707,fiber_photometry,KJ005,2023-07-07,hopkins,"Sue Su, Jeremiah Cohen",hopkins_fiber,,True,scratch/sueSu/KJ005/mKJ005d20230707,Success,780.0,60.57035,560.0,4377.0,87.0,173.0,1244.0,3133.0,3634.221,538.0,22.0,,,,,,,,,,,,,,True,True
mKJ005d20230708,fiber_photometry,KJ005,2023-07-08,hopkins,"Sue Su, Jeremiah Cohen",hopkins_fiber,,True,scratch/sueSu/KJ005/mKJ005d20230708,Success,954.0,55.59203333333333,516.0,4522.0,123.0,195.0,1652.0,2870.0,3335.522,495.0,21.0,,,,,,,,,,,,,,True,True
mKJ005d20230710,fiber_photometry,KJ005,2023-07-10,hopkins,"Sue Su, Jeremiah Cohen",hopkins_fiber,,True,scratch/sueSu/KJ005/mKJ005d20230710,File not found,,,,,,,,,,,,,,,,,,,,,,,,,True,True
mKJ005d20230711,fiber_photometry,KJ005,2023-07-11,hopkins,"Sue Su, Jeremiah Cohen",hopkins_fiber,,True,scratch/sueSu/KJ005/mKJ005d20230711,Success,879.0,53.37195,490.0,4347.0,94.0,199.0,1262.0,3085.0,3202.317,473.0,17.0,,,,,,,,,,,,,,True,True
mKJ005d20230712,fiber_photometry,KJ005,2023-07-12,hopkins,"Sue Su, Jeremiah Cohen",hopkins_fiber,,True,scratch/sueSu/KJ005/mKJ005d20230712,Success,897.0,64.00396666666667,540.0,4479.0,127.0,172.0,1839.0,2640.0,3840.238,513.0,27.0,,,,,,,,,,,,,,True,True
mKJ007d20230624,fiber_photometry,KJ007,2023-06-24,hopkins,"Sue Su, Jeremiah Cohen",hopkins_fiber,,True,scratch/sueSu/KJ007/mKJ007d20230624,Success,765.0,58.17078333333333,478.0,4100.0,151.0,104.0,2498.0,1602.0,3490.247,458.0,20.0,,,,,,,,,,,,,,True,True
mKJ007d20230626,fiber_photometry,KJ007,2023-06-26,hopkins,"Sue Su, Jeremiah Cohen",hopkins_fiber,,True,scratch/sueSu/KJ007/mKJ007d20230626,Success,693.0,55.525866666666666,449.0,3657.0,147.0,84.0,2523.0,1134.0,3331.552,429.0,20.0,,,,,,,,,,,,,,True,True
mKJ007d20230629,fiber_photometry,KJ007,2023-06-29,hopkins,"Sue Su, Jeremiah Cohen",hopkins_fiber,,True,scratch/sueSu/KJ007/mKJ007d20230629,Success,654.0,53.469166666666666,445.0,2935.0,124.0,94.0,1757.0,1178.0,3208.15,432.0,13.0,,,,,,,,,,,,,,True,True
mKJ007d20230630,fiber_photometry,KJ007,2023-06-30,hopkins,"Sue Su, Jeremiah Cohen",hopkins_fiber,,True,scratch/sueSu/KJ007/mKJ007d20230630,Success,885.0,83.09976666666667,667.0,3922.0,119.0,176.0,1614.0,2308.0,4985.986,635.0,32.0,,,,,,,,,,,,,,True,True
mKJ007d20230701,fiber_photometry,KJ007,2023-07-01,hopkins,"Sue Su, Jeremiah Cohen",hopkins_fiber,,True,scratch/sueSu/KJ007/mKJ007d20230701,Success,651.0,53.532133333333334,484.0,3007.0,120.0,97.0,1564.0,1443.0,3211.928,465.0,19.0,,,,,,,,,,,,,,True,True
mKJ007d20230702,fiber_photometry,KJ007,2023-07-02,hopkins,"Sue Su, Jeremiah Cohen",hopkins_fiber,,True,scratch/sueSu/KJ007/mKJ007d20230702,Success,852.0,71.54016666666666,595.0,3331.0,180.0,104.0,2206.0,1125.0,4292.41,569.0,26.0,,,,,,,,,,,,,,True,True
mKJ007d20230703,fiber_photometry,KJ007,2023-07-03,hopkins,"Sue Su, Jeremiah Cohen",hopkins_fiber,,True,scratch/sueSu/KJ007/mKJ007d20230703,Success,924.0,81.62100000000001,645.0,3384.0,180.0,128.0,2049.0,1335.0,4897.26,624.0,21.0,,,,,,,,,,,,,,True,True
mKJ007d20230704,fiber_photometry,KJ007,2023-07-04,hopkins,"Sue Su, Jeremiah Cohen",hopkins_fiber,,True,scratch/sueSu/KJ007/mKJ007d20230704,Success,654.0,49.51421666666667,403.0,2354.0,50.0,168.0,585.0,1769.0,2970.853,388.0,15.0,,,,,,,,,,,,,,True,True
mKJ007d20230705,fiber_photometry,KJ007,2023-07-05,hopkins,"Sue Su, Jeremiah Cohen",hopkins_fiber,,True,scratch/sueSu/KJ007/mKJ007d20230705,Success,759.0,63.41526666666667,533.0,3167.0,135.0,118.0,1866.0,1301.0,3804.916,509.0,24.0,,,,,,,,,,,,,,True,True
mKJ007d20230706,fiber_photometry,KJ007,2023-07-06,hopkins,"Sue Su, Jeremiah Cohen",hopkins_fiber,,True,scratch/sueSu/KJ007/mKJ007d20230706,Success,684.0,76.10018333333333,552.0,2833.0,82.0,146.0,984.0,1849.0,4566.011,524.0,28.0,,,,,,,,,,,,,,True,True
mKJ007d20230707,fiber_photometry,KJ007,2023-07-07,hopkins,"Sue Su, Jeremiah Cohen",hopkins_fiber,,True,scratch/sueSu/KJ007/mKJ007d20230707,Success,777.0,52.30896666666667,478.0,3442.0,67.0,192.0,850.0,2592.0,3138.538,464.0,14.0,,,,,,,,,,,,,,True,True
mKJ007d20230708,fiber_photometry,KJ007,2023-07-08,hopkins,"Sue Su, Jeremiah Cohen",hopkins_fiber,,True,scratch/sueSu/KJ007/mKJ007d20230708,Success,600.0,43.260083333333334,408.0,2697.0,97.0,103.0,1312.0,1385.0,2595.605,393.0,15.0,,,,,,,,,,,,,,True,True
mKJ007d20230710,fiber_photometry,KJ007,2023-07-10,hopkins,"Sue Su, Jeremiah Cohen",hopkins_fiber,,True,scratch/sueSu/KJ007/mKJ007d20230710,File not found,,,,,,,,,,,,,,,,,,,,,,,,,True,True
mKJ007d20230711,fiber_photometry,KJ007,2023-07-11,hopkins,"Sue Su, Jeremiah Cohen",hopkins_fiber,,True,scratch/sueSu/KJ007/mKJ007d20230711,Success,735.0,46.738299999999995,426.0,3344.0,88.0,157.0,1326.0,2018.0,2804.298,409.0,17.0,,,,,,,,,,,,,,True,True
mKJ007d20230712,fiber_photometry,KJ007,2023-07-12,hopkins,"Sue Su, Jeremiah Cohen",hopkins_fiber,,True,scratch/sueSu/KJ007/mKJ007d20230712,File not found,,,,,,,,,,,,,,,,,,,,,,,,,True,True
mKJ009d20230624,fiber_photometry,KJ009,2023-06-24,hopkins,"Sue Su, Jeremiah Cohen",hopkins_fiber,,True,scratch/sueSu/KJ009/mKJ009d20230624,Success,522.0,45.437533333333334,357.0,4318.0,137.0,37.0,3288.0,1030.0,2726.252,344.0,13.0,,,,,,,,,,,,,,True,True
mKJ009d20230625,fiber_photometry,KJ009,2023-06-25,hopkins,"Sue Su, Jeremiah Cohen",hopkins_fiber,,True,scratch/sueSu/KJ009/mKJ009d20230625,Success,642.0,42.58363333333333,350.0,3134.0,108.0,106.0,1515.0,1619.0,2555.018,336.0,14.0,,,,,,,,,,,,,,True,True
mKJ009d20230627,fiber_photometry,KJ009,2023-06-27,hopkins,"Sue Su, Jeremiah Cohen",hopkins_fiber,,True,scratch/sueSu/KJ009/mKJ009d20230627,Success,771.0,62.377766666666666,453.0,4836.0,137.0,120.0,2297.0,2539.0,3742.666,445.0,8.0,,,,,,,,,,,,,,True,True
mKJ009d20230628,fiber_photometry,KJ009,2023-06-28,hopkins,"Sue Su, Jeremiah Cohen",hopkins_fiber,,True,scratch/sueSu/KJ009/mKJ009d20230628,Success,519.0,63.95921666666666,437.0,3195.0,136.0,37.0,2453.0,742.0,3837.553,418.0,19.0,,,,,,,,,,,,,,True,True
mKJ009d20230629,fiber_photometry,KJ009,2023-06-29,hopkins,"Sue Su, Jeremiah Cohen",hopkins_fiber,,True,scratch/sueSu/KJ009/mKJ009d20230629,Success,669.0,55.305616666666666,429.0,4166.0,61.0,162.0,1038.0,3128.0,3318.337,412.0,17.0,,,,,,,,,,,,,,True,True
mKJ009d20230630,fiber_photometry,KJ009,2023-06-30,hopkins,"Sue Su, Jeremiah Cohen",hopkins_fiber,,True,scratch/sueSu/KJ009/mKJ009d20230630,Success,462.0,49.930616666666666,400.0,2645.0,115.0,39.0,1692.0,953.0,2995.837,385.0,15.0,,,,,,,,,,,,,,True,True
mKJ009d20230701,fiber_photometry,KJ009,2023-07-01,hopkins,"Sue Su, Jeremiah Cohen",hopkins_fiber,,True,scratch/sueSu/KJ009/mKJ009d20230701,Success,474.0,53.576816666666666,390.0,3210.0,106.0,52.0,2146.0,1064.0,3214.609,377.0,13.0,,,,,,,,,,,,,,True,True
mKJ009d20230702,fiber_photometry,KJ009,2023-07-02,hopkins,"Sue Su, Jeremiah Cohen",hopkins_fiber,,True,scratch/sueSu/KJ009/mKJ009d20230702,Success,558.0,46.89155,374.0,2643.0,131.0,55.0,1715.0,928.0,2813.493,363.0,11.0,,,,,,,,,,,,,,True,True
mKJ009d20230703,fiber_photometry,KJ009,2023-07-03,hopkins,"Sue Su, Jeremiah Cohen",hopkins_fiber,,True,scratch/sueSu/KJ009/mKJ009d20230703,Success,699.0,84.89961666666666,595.0,4018.0,67.0,166.0,1005.0,3013.0,5093.977,571.0,24.0,,,,,,,,,,,,,,True,True
mKJ009d20230705,fiber_photometry,KJ009,2023-07-05,hopkins,"Sue Su, Jeremiah Cohen",hopkins_fiber,,True,scratch/sueSu/KJ009/mKJ009d20230705,Success,420.0,52.182,380.0,2544.0,58.0,82.0,853.0,1691.0,3130.92,362.0,18.0,,,,,,,,,,,,,,True,True
mKJ009d20230706,fiber_photometry,KJ009,2023-07-06,hopkins,"Sue Su, Jeremiah Cohen",hopkins_fiber,,True,scratch/sueSu/KJ009/mKJ009d20230706,Success,588.0,60.567883333333334,476.0,3064.0,156.0,40.0,2165.0,899.0,3634.073,444.0,32.0,,,,,,,,,,,,,,True,True
mKJ009d20230708,fiber_photometry,KJ009,2023-07-08,hopkins,"Sue Su, Jeremiah Cohen",hopkins_fiber,,True,scratch/sueSu/KJ009/mKJ009d20230708,File not found,,,,,,,,,,,,,,,,,,,,,,,,,True,True
mKJ009d20230710,fiber_photometry,KJ009,2023-07-10,hopkins,"Sue Su, Jeremiah Cohen",hopkins_fiber,,True,scratch/sueSu/KJ009/mKJ009d20230710,Success,534.0,45.389783333333334,331.0,2356.0,111.0,67.0,1242.0,1114.0,2723.387,318.0,13.0,,,,,,,,,,,,,,True,True
mKJ009d20230711,fiber_photometry,KJ009,2023-07-11,hopkins,"Sue Su, Jeremiah Cohen",hopkins_fiber,,True,scratch/sueSu/KJ009/mKJ009d20230711,Success,447.0,42.94525,361.0,2236.0,104.0,45.0,1235.0,1001.0,2576.715,347.0,14.0,,,,,,,,,,,,,,True,True
mKJ009d20230712,fiber_photometry,KJ009,2023-07-12,hopkins,"Sue Su, Jeremiah Cohen",hopkins_fiber,,True,scratch/sueSu/KJ009/mKJ009d20230712,Success,459.0,39.39705,306.0,2042.0,124.0,29.0,1481.0,561.0,2363.823,291.0,15.0,,,,,,,,,,,,,,True,True
m699461d20231217,fiber_photometry,699461,2023-12-17,AIND,"Sue Su, Jeremiah Cohen",aind_fiber_X,AI,True,scratch/sueSu/699461/m699461d20231217,Success,927.0,66.04508333333334,606.0,4771.0,164.0,145.0,2683.0,2088.0,3962.705,594.0,12.0,,,,,,,,,,,,,,True,True
m699461d20231218,fiber_photometry,699461,2023-12-18,AIND,"Sue Su, Jeremiah Cohen",aind_fiber_X,AI,True,scratch/sueSu/699461/m699461d20231218,Success,744.0,67.36736666666667,609.0,4207.0,101.0,147.0,1487.0,2720.0,4042.042,581.0,28.0,,,,,,,,,,,,,,True,True
m699461d20231219,fiber_photometry,699461,2023-12-19,AIND,"Sue Su, Jeremiah Cohen",aind_fiber_X,AI,True,scratch/sueSu/699461/m699461d20231219,Success,1005.0,69.81864999999999,609.0,4898.0,162.0,173.0,2631.0,2267.0,4189.119,588.0,21.0,,,,,,,,,,,,,,True,True
m699461d20231220,fiber_photometry,699461,2023-12-20,AIND,"Sue Su, Jeremiah Cohen",aind_fiber_X,AI,True,scratch/sueSu/699461/m699461d20231220,Success,1062.0,87.77326666666666,673.0,6711.0,277.0,77.0,5580.0,1131.0,5266.396,649.0,24.0,,,,,,,,,,,,,,True,True
m699461d20231222,fiber_photometry,699461,2023-12-22,AIND,"Sue Su, Jeremiah Cohen",aind_fiber_X,AI,True,scratch/sueSu/699461/m699461d20231222,Success,825.0,75.76785,607.0,4412.0,139.0,136.0,2477.0,1935.0,4546.071,589.0,18.0,,,,,,,,,,,,,,True,True
m699461d20240102,fiber_photometry,699461,2024-01-02,AIND,"Sue Su, Jeremiah Cohen",aind_fiber_X,AI,True,scratch/sueSu/699461/m699461d20240102,Success,840.0,79.09200000000001,573.0,6116.0,180.0,100.0,4388.0,1728.0,4745.52,553.0,20.0,,,,,,,,,,,,,,True,True
m699461d20240103,fiber_photometry,699461,2024-01-03,AIND,"Sue Su, Jeremiah Cohen",aind_fiber_X,AI,True,scratch/sueSu/699461/m699461d20240103,Success,939.0,71.50406666666666,572.0,5385.0,173.0,140.0,3256.0,2129.0,4290.244,555.0,17.0,,,,,,,,,,,,,,True,True
m699461d20240104,fiber_photometry,699461,2024-01-04,AIND,"Sue Su, Jeremiah Cohen",aind_fiber_X,AI,True,scratch/sueSu/699461/m699461d20240104,Success,1026.0,100.91605,895.0,6266.0,106.0,236.0,2663.0,3603.0,6054.963,857.0,38.0,,,,,,,,,,,,,,True,True
m699461d20240105,fiber_photometry,699461,2024-01-05,AIND,"Sue Su, Jeremiah Cohen",aind_fiber_X,AI,True,scratch/sueSu/699461/m699461d20240105,Success,1125.0,82.61505000000001,749.0,6118.0,230.0,145.0,4299.0,1819.0,4956.903,711.0,38.0,,,,,,,,,,,,,,True,True
m699461d20240106,fiber_photometry,699461,2024-01-06,AIND,"Sue Su, Jeremiah Cohen",aind_fiber_X,AI,True,scratch/sueSu/699461/m699461d20240106,Success,1056.0,71.23376666666667,649.0,5615.0,189.0,163.0,3359.0,2256.0,4274.026,617.0,32.0,,,,,,,,,,,,,,True,True
m699461d20240107,fiber_photometry,699461,2024-01-07,AIND,"Sue Su, Jeremiah Cohen",aind_fiber_X,AI,True,scratch/sueSu/699461/m699461d20240107,Success,1209.0,99.55663333333334,871.0,6169.0,202.0,201.0,3665.0,2504.0,5973.398,834.0,37.0,,,,,,,,,,,,,,True,True
m699461d20240116,fiber_photometry,699461,2024-01-16,AIND,"Sue Su, Jeremiah Cohen",aind_fiber_X,AI,True,scratch/sueSu/699461/m699461d20240116,Success,1092.0,98.48678333333334,891.0,7867.0,169.0,195.0,4160.0,3707.0,5909.207,853.0,38.0,,,,,,,,,,,,,,True,True
m699461d20240117,fiber_photometry,699461,2024-01-17,AIND,"Sue Su, Jeremiah Cohen",aind_fiber_X,AI,True,scratch/sueSu/699461/m699461d20240117,Success,1341.0,92.06463333333332,829.0,7105.0,252.0,195.0,4233.0,2872.0,5523.878,796.0,33.0,,,,,,,,,,,,,,True,True
m699462d20240103,fiber_photometry,699462,2024-01-03,AIND,"Sue Su, Jeremiah Cohen",aind_fiber_X,AI,True,scratch/sueSu/699462/m699462d20240103,Success,675.0,65.38741666666667,560.0,4162.0,107.0,118.0,2209.0,1953.0,3923.245,536.0,24.0,,,,,,,,,,,,,,True,True
m699462d20240104,fiber_photometry,699462,2024-01-04,AIND,"Sue Su, Jeremiah Cohen",aind_fiber_X,AI,True,scratch/sueSu/699462/m699462d20240104,Success,699.0,57.59948333333333,493.0,3623.0,100.0,133.0,1382.0,2241.0,3455.969,478.0,15.0,,,,,,,,,,,,,,True,True
m699462d20240106,fiber_photometry,699462,2024-01-06,AIND,"Sue Su, Jeremiah Cohen",aind_fiber_X,AI,True,scratch/sueSu/699462/m699462d20240106,Success,1050.0,59.634233333333334,543.0,3620.0,126.0,224.0,1592.0,2028.0,3578.054,515.0,28.0,,,,,,,,,,,,,,True,True
m699462d20240107,fiber_photometry,699462,2024-01-07,AIND,"Sue Su, Jeremiah Cohen",aind_fiber_X,AI,True,scratch/sueSu/699462/m699462d20240107,Success,819.0,60.65005,566.0,3982.0,160.0,113.0,2339.0,1643.0,3639.003,548.0,18.0,,,,,,,,,,,,,,True,True
m699462d20240108,fiber_photometry,699462,2024-01-08,AIND,"Sue Su, Jeremiah Cohen",aind_fiber_X,AI,True,scratch/sueSu/699462/m699462d20240108,Success,1326.0,96.41231666666664,860.0,6256.0,238.0,204.0,3476.0,2780.0,5784.739,828.0,32.0,,,,,,,,,,,,,,True,True
m699462d20240109,fiber_photometry,699462,2024-01-09,AIND,"Sue Su, Jeremiah Cohen",aind_fiber_X,AI,True,scratch/sueSu/699462/m699462d20240109,Success,1215.0,104.238,867.0,5221.0,226.0,179.0,3228.0,1993.0,6254.28,833.0,34.0,,,,,,,,,,,,,,True,True
m699462d20240111,fiber_photometry,699462,2024-01-11,AIND,"Sue Su, Jeremiah Cohen",aind_fiber_X,AI,True,scratch/sueSu/699462/m699462d20240111,Success,933.0,65.36565,601.0,3684.0,138.0,173.0,1694.0,1990.0,3921.939,581.0,20.0,,,,,,,,,,,,,,True,True
m699462d20240112,fiber_photometry,699462,2024-01-12,AIND,"Sue Su, Jeremiah Cohen",aind_fiber_X,AI,True,scratch/sueSu/699462/m699462d20240112,Success,840.0,65.38865,574.0,3675.0,95.0,185.0,1443.0,2232.0,3923.319,554.0,20.0,,,,,,,,,,,,,,True,True
m699462d20240113,fiber_photometry,699462,2024-01-13,AIND,"Sue Su, Jeremiah Cohen",aind_fiber_X,AI,True,scratch/sueSu/699462/m699462d20240113,Success,903.0,70.69654999999999,582.0,3557.0,185.0,116.0,2342.0,1215.0,4241.793,565.0,17.0,,,,,,,,,,,,,,True,True
m699462d20240114,fiber_photometry,699462,2024-01-14,AIND,"Sue Su, Jeremiah Cohen",aind_fiber_X,AI,True,scratch/sueSu/699462/m699462d20240114,Success,1044.0,64.34856666666667,603.0,4096.0,141.0,207.0,1861.0,2235.0,3860.914,579.0,24.0,,,,,,,,,,,,,,True,True
m699462d20240116,fiber_photometry,699462,2024-01-16,AIND,"Sue Su, Jeremiah Cohen",aind_fiber_X,AI,True,scratch/sueSu/699462/m699462d20240116,Success,1101.0,68.33948333333333,638.0,4531.0,200.0,167.0,2764.0,1767.0,4100.369,618.0,20.0,,,,,,,,,,,,,,True,True
m699462d20240117,fiber_photometry,699462,2024-01-17,AIND,"Sue Su, Jeremiah Cohen",aind_fiber_X,AI,True,scratch/sueSu/699462/m699462d20240117,Success,1296.0,78.78725,724.0,5346.0,314.0,118.0,4122.0,1224.0,4727.235,696.0,28.0,,,,,,,,,,,,,,True,True
m699472d20231221,fiber_photometry,699472,2023-12-21,AIND,"Sue Su, Jeremiah Cohen",aind_fiber_X,AI,True,scratch/sueSu/699472/m699472d20231221,Success,894.0,78.90298333333334,609.0,4929.0,105.0,193.0,2087.0,2842.0,4734.179,580.0,29.0,,,,,,,,,,,,,,True,True
m699472d20231222,fiber_photometry,699472,2023-12-22,AIND,"Sue Su, Jeremiah Cohen",aind_fiber_X,AI,True,scratch/sueSu/699472/m699472d20231222,Success,1227.0,85.93305000000001,712.0,5632.0,194.0,215.0,2792.0,2840.0,5155.983,678.0,34.0,,,,,,,,,,,,,,True,True
m699472d20240102,fiber_photometry,699472,2024-01-02,AIND,"Sue Su, Jeremiah Cohen",aind_fiber_X,AI,True,scratch/sueSu/699472/m699472d20240102,Success,1005.0,94.02978333333334,726.0,6126.0,198.0,137.0,3906.0,2220.0,5641.787,696.0,30.0,,,,,,,,,,,,,,True,True
m699472d20240103,fiber_photometry,699472,2024-01-03,AIND,"Sue Su, Jeremiah Cohen",aind_fiber_X,AI,True,scratch/sueSu/699472/m699472d20240103,Success,1308.0,85.28888333333333,718.0,5796.0,240.0,196.0,3036.0,2760.0,5117.333,682.0,36.0,,,,,,,,,,,,,,True,True
m699472d20240104,fiber_photometry,699472,2024-01-04,AIND,"Sue Su, Jeremiah Cohen",aind_fiber_X,AI,True,scratch/sueSu/699472/m699472d20240104,Success,1068.0,84.30123333333333,689.0,5079.0,178.0,178.0,2490.0,2589.0,5058.074,665.0,24.0,,,,,,,,,,,,,,True,True
m699472d20240105,fiber_photometry,699472,2024-01-05,AIND,"Sue Su, Jeremiah Cohen",aind_fiber_X,AI,True,scratch/sueSu/699472/m699472d20240105,Success,1071.0,65.0768,581.0,4061.0,214.0,143.0,2195.0,1866.0,3904.608,553.0,28.0,,,,,,,,,,,,,,True,True
m699472d20240106,fiber_photometry,699472,2024-01-06,AIND,"Sue Su, Jeremiah Cohen",aind_fiber_X,AI,True,scratch/sueSu/699472/m699472d20240106,Success,1188.0,85.47753333333334,757.0,5115.0,195.0,201.0,2422.0,2693.0,5128.652,724.0,33.0,,,,,,,,,,,,,,True,True
m699472d20240107,fiber_photometry,699472,2024-01-07,AIND,"Sue Su, Jeremiah Cohen",aind_fiber_X,AI,True,scratch/sueSu/699472/m699472d20240107,Success,1281.0,83.35825,747.0,5735.0,72.0,355.0,936.0,4799.0,5001.495,724.0,23.0,,,,,,,,,,,,,,True,True
m699472d20240108,fiber_photometry,699472,2024-01-08,AIND,"Sue Su, Jeremiah Cohen",aind_fiber_X,AI,True,scratch/sueSu/699472/m699472d20240108,Success,1203.0,88.30908333333333,749.0,5177.0,136.0,265.0,1678.0,3499.0,5298.545,721.0,28.0,,,,,,,,,,,,,,True,True
m699472d20240109,fiber_photometry,699472,2024-01-09,AIND,"Sue Su, Jeremiah Cohen",aind_fiber_X,AI,True,scratch/sueSu/699472/m699472d20240109,Success,1260.0,100.28513333333332,827.0,6563.0,202.0,218.0,2597.0,3966.0,6017.108,794.0,33.0,,,,,,,,,,,,,,True,True
m699472d20240110,fiber_photometry,699472,2024-01-10,AIND,"Sue Su, Jeremiah Cohen",aind_fiber_X,AI,True,scratch/sueSu/699472/m699472d20240110,Success,1038.0,78.52903333333333,648.0,4514.0,182.0,164.0,2078.0,2436.0,4711.742,627.0,21.0,,,,,,,,,,,,,,True,True
m699472d20240111,fiber_photometry,699472,2024-01-11,AIND,"Sue Su, Jeremiah Cohen",aind_fiber_X,AI,True,scratch/sueSu/699472/m699472d20240111,Success,1242.0,105.05686666666666,870.0,6352.0,191.0,223.0,2447.0,3905.0,6303.412,831.0,39.0,,,,,,,,,,,,,,True,True
m699472d20240112,fiber_photometry,699472,2024-01-12,AIND,"Sue Su, Jeremiah Cohen",aind_fiber_X,AI,True,scratch/sueSu/699472/m699472d20240112,Success,954.0,62.61986666666667,561.0,3932.0,206.0,112.0,2166.0,1766.0,3757.192,534.0,27.0,,,,,,,,,,,,,,True,True
m699472d20240113,fiber_photometry,699472,2024-01-13,AIND,"Sue Su, Jeremiah Cohen",aind_fiber_X,AI,True,scratch/sueSu/699472/m699472d20240113,Success,1200.0,75.38314999999999,684.0,5820.0,219.0,181.0,2308.0,3512.0,4522.989,665.0,19.0,,,,,,,,,,,,,,True,True
m699472d20240114,fiber_photometry,699472,2024-01-14,AIND,"Sue Su, Jeremiah Cohen",aind_fiber_X,AI,True,scratch/sueSu/699472/m699472d20240114,Success,735.0,47.16806666666666,439.0,2841.0,205.0,40.0,2037.0,804.0,2830.084,416.0,23.0,,,,,,,,,,,,,,True,True
m699472d20240117,fiber_photometry,699472,2024-01-17,AIND,"Sue Su, Jeremiah Cohen",aind_fiber_X,AI,True,scratch/sueSu/699472/m699472d20240117,Success,1293.0,87.85553333333334,787.0,6395.0,177.0,254.0,2122.0,4273.0,5271.332,751.0,36.0,,,,,,,,,,,,,,True,True
m701707d20231221,fiber_photometry,701707,2023-12-21,AIND,"Sue Su, Jeremiah Cohen",aind_fiber_X,AI,True,scratch/sueSu/701707/m701707d20231221,Success,843.0,75.90425,592.0,3992.0,162.0,119.0,2279.0,1713.0,4554.255,568.0,24.0,,,,,,,,,,,,,,True,True
m701707d20231222,fiber_photometry,701707,2023-12-22,AIND,"Sue Su, Jeremiah Cohen",aind_fiber_X,AI,True,scratch/sueSu/701707/m701707d20231222,Success,624.0,68.66526666666667,492.0,3641.0,155.0,53.0,2435.0,1206.0,4119.916,480.0,12.0,,,,,,,,,,,,,,True,True
m701707d20240103,fiber_photometry,701707,2024-01-03,AIND,"Sue Su, Jeremiah Cohen",aind_fiber_X,AI,True,scratch/sueSu/701707/m701707d20240103,Success,594.0,61.582233333333335,422.0,3058.0,105.0,93.0,1656.0,1402.0,3694.934,401.0,21.0,,,,,,,,,,,,,,True,True
m701707d20240104,fiber_photometry,701707,2024-01-04,AIND,"Sue Su, Jeremiah Cohen",aind_fiber_X,AI,True,scratch/sueSu/701707/m701707d20240104,Success,576.0,72.79690000000001,502.0,3420.0,117.0,75.0,2109.0,1311.0,4367.814,486.0,16.0,,,,,,,,,,,,,,True,True
m701707d20240105,fiber_photometry,701707,2024-01-05,AIND,"Sue Su, Jeremiah Cohen",aind_fiber_X,AI,True,scratch/sueSu/701707/m701707d20240105,Success,492.0,58.43603333333333,432.0,2846.0,115.0,49.0,1898.0,948.0,3506.162,421.0,11.0,,,,,,,,,,,,,,True,True
m701707d20240106,fiber_photometry,701707,2024-01-06,AIND,"Sue Su, Jeremiah Cohen",aind_fiber_X,AI,True,scratch/sueSu/701707/m701707d20240106,Success,462.0,56.55905,399.0,3113.0,121.0,33.0,2312.0,801.0,3393.543,384.0,15.0,,,,,,,,,,,,,,True,True
m701707d20240112,fiber_photometry,701707,2024-01-12,AIND,"Sue Su, Jeremiah Cohen",aind_fiber_X,AI,True,scratch/sueSu/701707/m701707d20240112,Success,549.0,59.60433333333334,461.0,3279.0,74.0,109.0,1198.0,2081.0,3576.26,451.0,10.0,,,,,,,,,,,,,,True,True
m701707d20240113,fiber_photometry,701707,2024-01-13,AIND,"Sue Su, Jeremiah Cohen",aind_fiber_X,AI,True,scratch/sueSu/701707/m701707d20240113,Success,771.0,51.30501666666667,455.0,4103.0,67.0,190.0,1192.0,2911.0,3078.301,436.0,19.0,,,,,,,,,,,,,,True,True
m701707d20240114,fiber_photometry,701707,2024-01-14,AIND,"Sue Su, Jeremiah Cohen",aind_fiber_X,AI,True,scratch/sueSu/701707/m701707d20240114,File not found,,,,,,,,,,,,,,,,,,,,,,,,,True,True
m701707d20240117,fiber_photometry,701707,2024-01-17,AIND,"Sue Su, Jeremiah Cohen",aind_fiber_X,AI,True,scratch/sueSu/701707/m701707d20240117,Success,1095.0,70.98433333333334,578.0,5317.0,148.0,217.0,2084.0,3233.0,4259.06,564.0,14.0,,,,,,,,,,,,,,True,True
m749624d20250102,fiber_photometry,749624,2025-01-02,AIND,"Sue Su, Jeremiah Cohen",aind_fiber_X,AI,True,scratch/sueSu/749624/m749624d20250102,Success,606.0,51.56105,462.0,3084.0,87.0,115.0,1720.0,1364.0,3093.663,443.0,19.0,,,,,,,,,,,,,,True,True
m749624d20250103,fiber_photometry,749624,2025-01-03,AIND,"Sue Su, Jeremiah Cohen",aind_fiber_X,AI,True,scratch/sueSu/749624/m749624d20250103,Success,615.0,68.41473333333333,574.0,3686.0,80.0,125.0,2067.0,1619.0,4104.884,560.0,14.0,,,,,,,,,,,,,,True,True
m749624d20250104,fiber_photometry,749624,2025-01-04,AIND,"Sue Su, Jeremiah Cohen",aind_fiber_X,AI,True,scratch/sueSu/749624/m749624d20250104,Success,609.0,45.96723333333333,400.0,2865.0,106.0,97.0,1805.0,1060.0,2758.034,390.0,10.0,,,,,,,,,,,,,,True,True
m749624d20250107,fiber_photometry,749624,2025-01-07,AIND,"Sue Su, Jeremiah Cohen",aind_fiber_X,AI,True,scratch/sueSu/749624/m749624d20250107,Success,474.0,43.36108333333333,379.0,2907.0,91.0,67.0,2158.0,749.0,2601.665,362.0,17.0,,,,,,,,,,,,,,True,True
m749624d20250109,fiber_photometry,749624,2025-01-09,AIND,"Sue Su, Jeremiah Cohen",aind_fiber_X,AI,True,scratch/sueSu/749624/m749624d20250109,Success,306.0,26.00165,200.0,1931.0,56.0,46.0,1441.0,490.0,1560.099,191.0,9.0,,,,,,,,,,,,,,True,True
m749472d20241228,fiber_photometry,749472,2024-12-28,AIND,"Sue Su, Jeremiah Cohen",aind_fiber_X,AI,True,scratch/sueSu/749472/m749472d20241228,Success,537.0,36.837599999999995,344.0,2810.0,57.0,122.0,647.0,2163.0,2210.256,331.0,13.0,,,,,,,,,,,,,,True,True
m749472d20241230,fiber_photometry,749472,2024-12-30,AIND,"Sue Su, Jeremiah Cohen",aind_fiber_X,AI,True,scratch/sueSu/749472/m749472d20241230,Success,384.0,33.699283333333334,273.0,1778.0,85.0,43.0,1101.0,677.0,2021.957,261.0,12.0,,,,,,,,,,,,,,True,True
m749472d20241231,fiber_photometry,749472,2024-12-31,AIND,"Sue Su, Jeremiah Cohen",aind_fiber_X,AI,True,scratch/sueSu/749472/m749472d20241231,Success,294.0,47.85165,377.0,2246.0,29.0,69.0,905.0,1341.0,2871.099,356.0,21.0,,,,,,,,,,,,,,True,True
m749472d20250101,fiber_photometry,749472,2025-01-01,AIND,"Sue Su, Jeremiah Cohen",aind_fiber_X,AI,True,scratch/sueSu/749472/m749472d20250101,Success,510.0,61.62646666666667,456.0,2468.0,101.0,69.0,1298.0,1170.0,3697.588,442.0,14.0,,,,,,,,,,,,,,True,True
m749472d20250103,fiber_photometry,749472,2025-01-03,AIND,"Sue Su, Jeremiah Cohen",aind_fiber_X,AI,True,scratch/sueSu/749472/m749472d20250103,Success,504.0,47.92816666666667,408.0,3281.0,72.0,96.0,626.0,2655.0,2875.69,392.0,16.0,,,,,,,,,,,,,,True,True
m749472d20250104,fiber_photometry,749472,2025-01-04,AIND,"Sue Su, Jeremiah Cohen",aind_fiber_X,AI,True,scratch/sueSu/749472/m749472d20250104,Success,552.0,56.28075,436.0,2598.0,105.0,79.0,954.0,1644.0,3376.845,412.0,24.0,,,,,,,,,,,,,,True,True
m749472d20250106,fiber_photometry,749472,2025-01-06,AIND,"Sue Su, Jeremiah Cohen",aind_fiber_X,AI,True,scratch/sueSu/749472/m749472d20250106,Success,768.0,48.79938333333334,455.0,5152.0,127.0,129.0,2117.0,3035.0,2927.963,430.0,25.0,,,,,,,,,,,,,,True,True
m749472d20250108,fiber_photometry,749472,2025-01-08,AIND,"Sue Su, Jeremiah Cohen",aind_fiber_X,AI,True,scratch/sueSu/749472/m749472d20250108,Success,600.0,44.4927,383.0,3945.0,92.0,108.0,1271.0,2674.0,2669.562,369.0,14.0,,,,,,,,,,,,,,True,True
m749472d20250109,fiber_photometry,749472,2025-01-09,AIND,"Sue Su, Jeremiah Cohen",aind_fiber_X,AI,True,scratch/sueSu/749472/m749472d20250109,Success,561.0,55.89861666666666,460.0,3234.0,75.0,112.0,1152.0,2082.0,3353.917,440.0,20.0,,,,,,,,,,,,,,True,True
m754896d20250102,fiber_photometry,754896,2025-01-02,AIND,"Sue Su, Jeremiah Cohen",aind_fiber_X,AI,True,scratch/sueSu/754896/m754896d20250102,Success,780.0,68.13733333333333,593.0,4337.0,96.0,164.0,1077.0,3260.0,4088.24,572.0,21.0,,,,,,,,,,,,,,True,True
m754896d20250103,fiber_photometry,754896,2025-01-03,AIND,"Sue Su, Jeremiah Cohen",aind_fiber_X,AI,True,scratch/sueSu/754896/m754896d20250103,Success,852.0,66.05685,583.0,5371.0,110.0,174.0,1394.0,3977.0,3963.411,556.0,27.0,,,,,,,,,,,,,,True,True
m754896d20250104,fiber_photometry,754896,2025-01-04,AIND,"Sue Su, Jeremiah Cohen",aind_fiber_X,AI,True,scratch/sueSu/754896/m754896d20250104,Success,951.0,63.70923333333334,552.0,5707.0,141.0,176.0,1842.0,3865.0,3822.554,529.0,23.0,,,,,,,,,,,,,,True,True
m754896d20250106,fiber_photometry,754896,2025-01-06,AIND,"Sue Su, Jeremiah Cohen",aind_fiber_X,AI,True,scratch/sueSu/754896/m754896d20250106,Success,948.0,62.380583333333334,565.0,5344.0,157.0,159.0,2406.0,2938.0,3742.835,544.0,21.0,,,,,,,,,,,,,,True,True
m754896d20250107,fiber_photometry,754896,2025-01-07,AIND,"Sue Su, Jeremiah Cohen",aind_fiber_X,AI,True,scratch/sueSu/754896/m754896d20250107,Success,1248.0,88.85685,841.0,8522.0,277.0,139.0,5395.0,3127.0,5331.411,801.0,40.0,,,,,,,,,,,,,,True,True
m754896d20250108,fiber_photometry,754896,2025-01-08,AIND,"Sue Su, Jeremiah Cohen",aind_fiber_X,AI,True,scratch/sueSu/754896/m754896d20250108,Success,1419.0,89.05563333333333,817.0,6635.0,300.0,173.0,3835.0,2800.0,5343.338,780.0,37.0,,,,,,,,,,,,,,True,True
m754896d20250109,fiber_photometry,754896,2025-01-09,AIND,"Sue Su, Jeremiah Cohen",aind_fiber_X,AI,True,scratch/sueSu/754896/m754896d20250109,Success,1158.0,66.78326666666666,626.0,5445.0,174.0,212.0,2301.0,3144.0,4006.996,614.0,12.0,,,,,,,,,,,,,,True,True
m754898d20241226,fiber_photometry,754898,2024-12-26,AIND,"Sue Su, Jeremiah Cohen",aind_fiber_X,AI,True,scratch/sueSu/754898/m754898d20241226,Success,648.0,51.85991666666666,455.0,5823.0,129.0,87.0,3728.0,2095.0,3111.595,438.0,17.0,,,,,,,,,,,,,,True,True
m754898d20241228,fiber_photometry,754898,2024-12-28,AIND,"Sue Su, Jeremiah Cohen",aind_fiber_X,AI,True,scratch/sueSu/754898/m754898d20241228,Success,633.0,36.78783333333333,321.0,4636.0,113.0,98.0,2179.0,2457.0,2207.27,313.0,8.0,,,,,,,,,,,,,,True,True
m754898d20241230,fiber_photometry,754898,2024-12-30,AIND,"Sue Su, Jeremiah Cohen",aind_fiber_X,AI,True,scratch/sueSu/754898/m754898d20241230,Success,864.0,59.38888333333333,549.0,6025.0,109.0,179.0,1985.0,4040.0,3563.333,527.0,22.0,,,,,,,,,,,,,,True,True
m754898d20250101,fiber_photometry,754898,2025-01-01,AIND,"Sue Su, Jeremiah Cohen",aind_fiber_X,AI,True,scratch/sueSu/754898/m754898d20250101,Success,732.0,59.79198333333333,542.0,5523.0,104.0,140.0,1973.0,3550.0,3587.519,523.0,19.0,,,,,,,,,,,,,,True,True
m754898d20250102,fiber_photometry,754898,2025-01-02,AIND,"Sue Su, Jeremiah Cohen",aind_fiber_X,AI,True,scratch/sueSu/754898/m754898d20250102,Success,537.0,41.20285,371.0,4243.0,140.0,39.0,3055.0,1188.0,2472.171,356.0,15.0,,,,,,,,,,,,,,True,True
m754898d20250104,fiber_photometry,754898,2025-01-04,AIND,"Sue Su, Jeremiah Cohen",aind_fiber_X,AI,True,scratch/sueSu/754898/m754898d20250104,Success,354.0,25.87055,250.0,2246.0,38.0,80.0,724.0,1522.0,1552.233,245.0,5.0,,,,,,,,,,,,,,True,True
m754898d20250106,fiber_photometry,754898,2025-01-06,AIND,"Sue Su, Jeremiah Cohen",aind_fiber_X,AI,True,scratch/sueSu/754898/m754898d20250106,Success,390.0,38.66686666666667,350.0,3342.0,75.0,55.0,1482.0,1860.0,2320.012,329.0,21.0,,,,,,,,,,,,,,True,True
m754898d20250107,fiber_photometry,754898,2025-01-07,AIND,"Sue Su, Jeremiah Cohen",aind_fiber_X,AI,True,scratch/sueSu/754898/m754898d20250107,Success,597.0,56.07426666666667,433.0,3651.0,50.0,149.0,875.0,2776.0,3364.456,409.0,24.0,,,,,,,,,,,,,,True,True
m754898d20250108,fiber_photometry,754898,2025-01-08,AIND,"Sue Su, Jeremiah Cohen",aind_fiber_X,AI,True,scratch/sueSu/754898/m754898d20250108,Success,507.0,46.2344,387.0,3373.0,56.0,113.0,960.0,2413.0,2774.064,375.0,12.0,,,,,,,,,,,,,,True,True
m754898d20250109,fiber_photometry,754898,2025-01-09,AIND,"Sue Su, Jeremiah Cohen",aind_fiber_X,AI,True,scratch/sueSu/754898/m754898d20250109,Success,657.0,66.24183333333333,498.0,4530.0,100.0,119.0,1916.0,2614.0,3974.51,481.0,17.0,,,,,,,,,,,,,,True,True
m754895d20250101,fiber_photometry,754895,2025-01-01,AIND,"Sue Su, Jeremiah Cohen",aind_fiber_X,AI,True,scratch/sueSu/754895/m754895d20250101,Success,861.0,56.67635,529.0,3663.0,131.0,156.0,1755.0,1908.0,3400.581,516.0,13.0,,,,,,,,,,,,,,True,True
m754895d20250102,fiber_photometry,754895,2025-01-02,AIND,"Sue Su, Jeremiah Cohen",aind_fiber_X,AI,True,scratch/sueSu/754895/m754895d20250102,Success,1116.0,70.79025,648.0,5466.0,248.0,124.0,3866.0,1600.0,4247.415,610.0,38.0,,,,,,,,,,,,,,True,True
m754895d20250103,fiber_photometry,754895,2025-01-03,AIND,"Sue Su, Jeremiah Cohen",aind_fiber_X,AI,True,scratch/sueSu/754895/m754895d20250103,Success,765.0,60.38416666666667,571.0,4148.0,189.0,66.0,2937.0,1211.0,3623.05,554.0,17.0,,,,,,,,,,,,,,True,True
m754895d20250104,fiber_photometry,754895,2025-01-04,AIND,"Sue Su, Jeremiah Cohen",aind_fiber_X,AI,True,scratch/sueSu/754895/m754895d20250104,Success,1419.0,92.98363333333332,852.0,5890.0,328.0,145.0,4332.0,1558.0,5579.018,814.0,38.0,,,,,,,,,,,,,,True,True
m754895d20250106,fiber_photometry,754895,2025-01-06,AIND,"Sue Su, Jeremiah Cohen",aind_fiber_X,AI,True,scratch/sueSu/754895/m754895d20250106,Success,1095.0,69.53065,683.0,5761.0,251.0,114.0,3615.0,2146.0,4171.839,663.0,20.0,,,,,,,,,,,,,,True,True
m754895d20250107,fiber_photometry,754895,2025-01-07,AIND,"Sue Su, Jeremiah Cohen",aind_fiber_X,AI,True,scratch/sueSu/754895/m754895d20250107,Success,900.0,54.02921666666667,513.0,4905.0,211.0,89.0,3621.0,1284.0,3241.753,492.0,21.0,,,,,,,,,,,,,,True,True
m754895d20250108,fiber_photometry,754895,2025-01-08,AIND,"Sue Su, Jeremiah Cohen",aind_fiber_X,AI,True,scratch/sueSu/754895/m754895d20250108,Success,1008.0,63.9358,608.0,5119.0,166.0,170.0,2586.0,2533.0,3836.148,583.0,25.0,,,,,,,,,,,,,,True,True
m754895d20250109,fiber_photometry,754895,2025-01-09,AIND,"Sue Su, Jeremiah Cohen",aind_fiber_X,AI,True,scratch/sueSu/754895/m754895d20250109,Success,1056.0,64.62658333333333,605.0,5543.0,207.0,145.0,3109.0,2434.0,3877.595,582.0,23.0,,,,,,,,,,,,,,True,True
m754895d20241231,fiber_photometry,754895,2024-12-31,AIND,"Sue Su, Jeremiah Cohen",aind_fiber_X,AI,True,scratch/sueSu/754895/m754895d20241231,Success,756.0,61.239783333333335,570.0,2713.0,161.0,91.0,1920.0,793.0,3674.387,551.0,19.0,,,,,,,,,,,,,,True,True
mZS061d20210316,ephys,ZS061,2021-03-16,hopkins,"Sue Su, Jeremiah Cohen",hopkins_ephys,,True,scratch/sueSu/ZS061/mZS061d20210316,File not found,,,,,,,,,,,,,,,,,,,,,,,,,False,False
mZS061d20210317,ephys,ZS061,2021-03-17,hopkins,"Sue Su, Jeremiah Cohen",hopkins_ephys,,True,scratch/sueSu/ZS061/mZS061d20210317,File not found,,,,,,,,,,,,,,,,,,,,,,,,,False,False
mZS061d20210318,ephys,ZS061,2021-03-18,hopkins,"Sue Su, Jeremiah Cohen",hopkins_ephys,,True,scratch/sueSu/ZS061/mZS061d20210318,File not found,,,,,,,,,,,,,,,,,,,,,,,,,False,False
mZS061d20210319,ephys,ZS061,2021-03-19,hopkins,"Sue Su, Jeremiah Cohen",hopkins_ephys,,True,scratch/sueSu/ZS061/mZS061d20210319,File not found,,,,,,,,,,,,,,,,,,,,,,,,,False,False
mZS061d20210320,ephys,ZS061,2021-03-20,hopkins,"Sue Su, Jeremiah Cohen",hopkins_ephys,,True,scratch/sueSu/ZS061/mZS061d20210320,File not found,,,,,,,,,,,,,,,,,,,,,,,,,False,False
mZS061d20210321,ephys,ZS061,2021-03-21,hopkins,"Sue Su, Jeremiah Cohen",hopkins_ephys,,True,scratch/sueSu/ZS061/mZS061d20210321,File not found,,,,,,,,,,,,,,,,,,,,,,,,,False,False
mZS061d20210322,ephys,ZS061,2021-03-22,hopkins,"Sue Su, Jeremiah Cohen",hopkins_ephys,,True,scratch/sueSu/ZS061/mZS061d20210322,File not found,,,,,,,,,,,,,,,,,,,,,,,,,False,False
mZS061d20210323,ephys,ZS061,2021-03-23,hopkins,"Sue Su, Jeremiah Cohen",hopkins_ephys,,True,scratch/sueSu/ZS061/mZS061d20210323,File not found,,,,,,,,,,,,,,,,,,,,,,,,,False,False
mZS061d20210324,ephys,ZS061,2021-03-24,hopkins,"Sue Su, Jeremiah Cohen",hopkins_ephys,,True,scratch/sueSu/ZS061/mZS061d20210324,File not found,,,,,,,,,,,,,,,,,,,,,,,,,False,False
mZS061d20210325,ephys,ZS061,2021-03-25,hopkins,"Sue Su, Jeremiah Cohen",hopkins_ephys,,True,scratch/sueSu/ZS061/mZS061d20210325,File not found,,,,,,,,,,,,,,,,,,,,,,,,,False,False
mZS061d20210326,ephys,ZS061,2021-03-26,hopkins,"Sue Su, Jeremiah Cohen",hopkins_ephys,,True,scratch/sueSu/ZS061/mZS061d20210326,File not found,,,,,,,,,,,,,,,,,,,,,,,,,False,False
mZS061d20210327,ephys,ZS061,2021-03-27,hopkins,"Sue Su, Jeremiah Cohen",hopkins_ephys,,True,scratch/sueSu/ZS061/mZS061d20210327,File not found,,,,,,,,,,,,,,,,,,,,,,,,,False,False
mZS061d20210328,ephys,ZS061,2021-03-28,hopkins,"Sue Su, Jeremiah Cohen",hopkins_ephys,,True,scratch/sueSu/ZS061/mZS061d20210328,File not found,,,,,,,,,,,,,,,,,,,,,,,,,False,False
mZS061d20210329,ephys,ZS061,2021-03-29,hopkins,"Sue Su, Jeremiah Cohen",hopkins_ephys,,True,scratch/sueSu/ZS061/mZS061d20210329,File not found,,,,,,,,,,,,,,,,,,,,,,,,,False,False
mZS061d20210330,ephys,ZS061,2021-03-30,hopkins,"Sue Su, Jeremiah Cohen",hopkins_ephys,,True,scratch/sueSu/ZS061/mZS061d20210330,File not found,,,,,,,,,,,,,,,,,,,,,,,,,False,False
mZS061d20210331,ephys,ZS061,2021-03-31,hopkins,"Sue Su, Jeremiah Cohen",hopkins_ephys,,True,scratch/sueSu/ZS061/mZS061d20210331,File not found,,,,,,,,,,,,,,,,,,,,,,,,,False,False
mZS061d20210401,ephys,ZS061,2021-04-01,hopkins,"Sue Su, Jeremiah Cohen",hopkins_ephys,,True,scratch/sueSu/ZS061/mZS061d20210401,File not found,,,,,,,,,,,,,,,,,,,,,,,,,False,False
mZS061d20210402,ephys,ZS061,2021-04-02,hopkins,"Sue Su, Jeremiah Cohen",hopkins_ephys,,True,scratch/sueSu/ZS061/mZS061d20210402,File not found,,,,,,,,,,,,,,,,,,,,,,,,,False,False
mZS061d20210403,ephys,ZS061,2021-04-03,hopkins,"Sue Su, Jeremiah Cohen",hopkins_ephys,,True,scratch/sueSu/ZS061/mZS061d20210403,File not found,,,,,,,,,,,,,,,,,,,,,,,,,False,False
mZS061d20210404,ephys,ZS061,2021-04-04,hopkins,"Sue Su, Jeremiah Cohen",hopkins_ephys,,True,scratch/sueSu/ZS061/mZS061d20210404,File not found,,,,,,,,,,,,,,,,,,,,,,,,,False,False
mZS061d20210405,ephys,ZS061,2021-04-05,hopkins,"Sue Su, Jeremiah Cohen",hopkins_ephys,,True,scratch/sueSu/ZS061/mZS061d20210405,File not found,,,,,,,,,,,,,,,,,,,,,,,,,False,False
mZS061d20210406,ephys,ZS061,2021-04-06,hopkins,"Sue Su, Jeremiah Cohen",hopkins_ephys,,True,scratch/sueSu/ZS061/mZS061d20210406,File not found,,,,,,,,,,,,,,,,,,,,,,,,,False,False
mZS061d20210407,ephys,ZS061,2021-04-07,hopkins,"Sue Su, Jeremiah Cohen",hopkins_ephys,,True,scratch/sueSu/ZS061/mZS061d20210407,File not found,,,,,,,,,,,,,,,,,,,,,,,,,False,False
mZS061d20210408,ephys,ZS061,2021-04-08,hopkins,"Sue Su, Jeremiah Cohen",hopkins_ephys,,True,scratch/sueSu/ZS061/mZS061d20210408,File not found,,,,,,,,,,,,,,,,,,,,,,,,,False,False
mZS061d20210409,ephys,ZS061,2021-04-09,hopkins,"Sue Su, Jeremiah Cohen",hopkins_ephys,,True,scratch/sueSu/ZS061/mZS061d20210409,File not found,,,,,,,,,,,,,,,,,,,,,,,,,False,False
mZS061d20210410,ephys,ZS061,2021-04-10,hopkins,"Sue Su, Jeremiah Cohen",hopkins_ephys,,True,scratch/sueSu/ZS061/mZS061d20210410,File not found,,,,,,,,,,,,,,,,,,,,,,,,,False,False
mZS061d20210411,ephys,ZS061,2021-04-11,hopkins,"Sue Su, Jeremiah Cohen",hopkins_ephys,,True,scratch/sueSu/ZS061/mZS061d20210411,File not found,,,,,,,,,,,,,,,,,,,,,,,,,False,False
mZS061d20210412,ephys,ZS061,2021-04-12,hopkins,"Sue Su, Jeremiah Cohen",hopkins_ephys,,True,scratch/sueSu/ZS061/mZS061d20210412,File not found,,,,,,,,,,,,,,,,,,,,,,,,,False,False
mZS061d20210413,ephys,ZS061,2021-04-13,hopkins,"Sue Su, Jeremiah Cohen",hopkins_ephys,,True,scratch/sueSu/ZS061/mZS061d20210413,File not found,,,,,,,,,,,,,,,,,,,,,,,,,False,False
mZS061d20210414,ephys,ZS061,2021-04-14,hopkins,"Sue Su, Jeremiah Cohen",hopkins_ephys,,True,scratch/sueSu/ZS061/mZS061d20210414,File not found,,,,,,,,,,,,,,,,,,,,,,,,,False,False
mZS061d20210415,ephys,ZS061,2021-04-15,hopkins,"Sue Su, Jeremiah Cohen",hopkins_ephys,,True,scratch/sueSu/ZS061/mZS061d20210415,File not found,,,,,,,,,,,,,,,,,,,,,,,,,False,False
mZS061d20210416,ephys,ZS061,2021-04-16,hopkins,"Sue Su, Jeremiah Cohen",hopkins_ephys,,True,scratch/sueSu/ZS061/mZS061d20210416,File not found,,,,,,,,,,,,,,,,,,,,,,,,,False,False
mZS061d20210417,ephys,ZS061,2021-04-17,hopkins,"Sue Su, Jeremiah Cohen",hopkins_ephys,,True,scratch/sueSu/ZS061/mZS061d20210417,File not found,,,,,,,,,,,,,,,,,,,,,,,,,False,False
mZS061d20210418,ephys,ZS061,2021-04-18,hopkins,"Sue Su, Jeremiah Cohen",hopkins_ephys,,True,scratch/sueSu/ZS061/mZS061d20210418,File not found,,,,,,,,,,,,,,,,,,,,,,,,,False,False
mZS061d20210419,ephys,ZS061,2021-04-19,hopkins,"Sue Su, Jeremiah Cohen",hopkins_ephys,,True,scratch/sueSu/ZS061/mZS061d20210419,File not found,,,,,,,,,,,,,,,,,,,,,,,,,False,False
mZS061d20210420,ephys,ZS061,2021-04-20,hopkins,"Sue Su, Jeremiah Cohen",hopkins_ephys,,True,scratch/sueSu/ZS061/mZS061d20210420,File not found,,,,,,,,,,,,,,,,,,,,,,,,,False,False
mZS061d20210421,ephys,ZS061,2021-04-21,hopkins,"Sue Su, Jeremiah Cohen",hopkins_ephys,,True,scratch/sueSu/ZS061/mZS061d20210421,File not found,,,,,,,,,,,,,,,,,,,,,,,,,False,False
mZS061d20210422,ephys,ZS061,2021-04-22,hopkins,"Sue Su, Jeremiah Cohen",hopkins_ephys,,True,scratch/sueSu/ZS061/mZS061d20210422,File not found,,,,,,,,,,,,,,,,,,,,,,,,,False,False
mZS061d20210423,ephys,ZS061,2021-04-23,hopkins,"Sue Su, Jeremiah Cohen",hopkins_ephys,,True,scratch/sueSu/ZS061/mZS061d20210423,File not found,,,,,,,,,,,,,,,,,,,,,,,,,False,False
mZS061d20210424,ephys,ZS061,2021-04-24,hopkins,"Sue Su, Jeremiah Cohen",hopkins_ephys,,True,scratch/sueSu/ZS061/mZS061d20210424,File not found,,,,,,,,,,,,,,,,,,,,,,,,,False,False
mZS061d20210425,ephys,ZS061,2021-04-25,hopkins,"Sue Su, Jeremiah Cohen",hopkins_ephys,,True,scratch/sueSu/ZS061/mZS061d20210425,File not found,,,,,,,,,,,,,,,,,,,,,,,,,False,False
mZS061d20210426,ephys,ZS061,2021-04-26,hopkins,"Sue Su, Jeremiah Cohen",hopkins_ephys,,True,scratch/sueSu/ZS061/mZS061d20210426,File not found,,,,,,,,,,,,,,,,,,,,,,,,,False,False
mZS061d20210427,ephys,ZS061,2021-04-27,hopkins,"Sue Su, Jeremiah Cohen",hopkins_ephys,,True,scratch/sueSu/ZS061/mZS061d20210427,File not found,,,,,,,,,,,,,,,,,,,,,,,,,False,False
mZS061d20210428,ephys,ZS061,2021-04-28,hopkins,"Sue Su, Jeremiah Cohen",hopkins_ephys,,True,scratch/sueSu/ZS061/mZS061d20210428,File not found,,,,,,,,,,,,,,,,,,,,,,,,,False,False
mZS061d20210429,ephys,ZS061,2021-04-29,hopkins,"Sue Su, Jeremiah Cohen",hopkins_ephys,,True,scratch/sueSu/ZS061/mZS061d20210429,File not found,,,,,,,,,,,,,,,,,,,,,,,,,False,False
mZS061d20210430,ephys,ZS061,2021-04-30,hopkins,"Sue Su, Jeremiah Cohen",hopkins_ephys,,True,scratch/sueSu/ZS061/mZS061d20210430,File not found,,,,,,,,,,,,,,,,,,,,,,,,,False,False
mZS061d20210501,ephys,ZS061,2021-05-01,hopkins,"Sue Su, Jeremiah Cohen",hopkins_ephys,,True,scratch/sueSu/ZS061/mZS061d20210501,File not found,,,,,,,,,,,,,,,,,,,,,,,,,False,False
mZS062d20210324,ephys,ZS062,2021-03-24,hopkins,"Sue Su, Jeremiah Cohen",hopkins_ephys,,True,scratch/sueSu/ZS062/mZS062d20210324,File not found,,,,,,,,,,,,,,,,,,,,,,,,,False,False
mZS062d20210325,ephys,ZS062,2021-03-25,hopkins,"Sue Su, Jeremiah Cohen",hopkins_ephys,,True,scratch/sueSu/ZS062/mZS062d20210325,File not found,,,,,,,,,,,,,,,,,,,,,,,,,False,False
mZS062d20210326,ephys,ZS062,2021-03-26,hopkins,"Sue Su, Jeremiah Cohen",hopkins_ephys,,True,scratch/sueSu/ZS062/mZS062d20210326,File not found,,,,,,,,,,,,,,,,,,,,,,,,,False,False
mZS062d20210327,ephys,ZS062,2021-03-27,hopkins,"Sue Su, Jeremiah Cohen",hopkins_ephys,,True,scratch/sueSu/ZS062/mZS062d20210327,File not found,,,,,,,,,,,,,,,,,,,,,,,,,False,False
mZS062d20210328,ephys,ZS062,2021-03-28,hopkins,"Sue Su, Jeremiah Cohen",hopkins_ephys,,True,scratch/sueSu/ZS062/mZS062d20210328,File not found,,,,,,,,,,,,,,,,,,,,,,,,,False,False
mZS062d20210329,ephys,ZS062,2021-03-29,hopkins,"Sue Su, Jeremiah Cohen",hopkins_ephys,,True,scratch/sueSu/ZS062/mZS062d20210329,File not found,,,,,,,,,,,,,,,,,,,,,,,,,False,False
mZS062d20210330,ephys,ZS062,2021-03-30,hopkins,"Sue Su, Jeremiah Cohen",hopkins_ephys,,True,scratch/sueSu/ZS062/mZS062d20210330,File not found,,,,,,,,,,,,,,,,,,,,,,,,,False,False
mZS062d20210331,ephys,ZS062,2021-03-31,hopkins,"Sue Su, Jeremiah Cohen",hopkins_ephys,,True,scratch/sueSu/ZS062/mZS062d20210331,File not found,,,,,,,,,,,,,,,,,,,,,,,,,False,False
mZS062d20210401,ephys,ZS062,2021-04-01,hopkins,"Sue Su, Jeremiah Cohen",hopkins_ephys,,True,scratch/sueSu/ZS062/mZS062d20210401,File not found,,,,,,,,,,,,,,,,,,,,,,,,,False,False
mZS062d20210402,ephys,ZS062,2021-04-02,hopkins,"Sue Su, Jeremiah Cohen",hopkins_ephys,,True,scratch/sueSu/ZS062/mZS062d20210402,File not found,,,,,,,,,,,,,,,,,,,,,,,,,False,False
mZS062d20210403,ephys,ZS062,2021-04-03,hopkins,"Sue Su, Jeremiah Cohen",hopkins_ephys,,True,scratch/sueSu/ZS062/mZS062d20210403,File not found,,,,,,,,,,,,,,,,,,,,,,,,,False,False
mZS062d20210404,ephys,ZS062,2021-04-04,hopkins,"Sue Su, Jeremiah Cohen",hopkins_ephys,,True,scratch/sueSu/ZS062/mZS062d20210404,File not found,,,,,,,,,,,,,,,,,,,,,,,,,False,False
mZS062d20210405,ephys,ZS062,2021-04-05,hopkins,"Sue Su, Jeremiah Cohen",hopkins_ephys,,True,scratch/sueSu/ZS062/mZS062d20210405,File not found,,,,,,,,,,,,,,,,,,,,,,,,,False,False
mZS062d20210406,ephys,ZS062,2021-04-06,hopkins,"Sue Su, Jeremiah Cohen",hopkins_ephys,,True,scratch/sueSu/ZS062/mZS062d20210406,File not found,,,,,,,,,,,,,,,,,,,,,,,,,False,False
mZS062d20210407,ephys,ZS062,2021-04-07,hopkins,"Sue Su, Jeremiah Cohen",hopkins_ephys,,True,scratch/sueSu/ZS062/mZS062d20210407,File not found,,,,,,,,,,,,,,,,,,,,,,,,,False,False
mZS062d20210408,ephys,ZS062,2021-04-08,hopkins,"Sue Su, Jeremiah Cohen",hopkins_ephys,,True,scratch/sueSu/ZS062/mZS062d20210408,File not found,,,,,,,,,,,,,,,,,,,,,,,,,False,False
mZS062d20210409,ephys,ZS062,2021-04-09,hopkins,"Sue Su, Jeremiah Cohen",hopkins_ephys,,True,scratch/sueSu/ZS062/mZS062d20210409,File not found,,,,,,,,,,,,,,,,,,,,,,,,,False,False
mZS062d20210410,ephys,ZS062,2021-04-10,hopkins,"Sue Su, Jeremiah Cohen",hopkins_ephys,,True,scratch/sueSu/ZS062/mZS062d20210410,File not found,,,,,,,,,,,,,,,,,,,,,,,,,False,False
mZS062d20210411,ephys,ZS062,2021-04-11,hopkins,"Sue Su, Jeremiah Cohen",hopkins_ephys,,True,scratch/sueSu/ZS062/mZS062d20210411,File not found,,,,,,,,,,,,,,,,,,,,,,,,,False,False
mZS062d20210412,ephys,ZS062,2021-04-12,hopkins,"Sue Su, Jeremiah Cohen",hopkins_ephys,,True,scratch/sueSu/ZS062/mZS062d20210412,File not found,,,,,,,,,,,,,,,,,,,,,,,,,False,False
mZS062d20210413,ephys,ZS062,2021-04-13,hopkins,"Sue Su, Jeremiah Cohen",hopkins_ephys,,True,scratch/sueSu/ZS062/mZS062d20210413,File not found,,,,,,,,,,,,,,,,,,,,,,,,,False,False
mZS062d20210414,ephys,ZS062,2021-04-14,hopkins,"Sue Su, Jeremiah Cohen",hopkins_ephys,,True,scratch/sueSu/ZS062/mZS062d20210414,File not found,,,,,,,,,,,,,,,,,,,,,,,,,False,False
mZS062d20210415,ephys,ZS062,2021-04-15,hopkins,"Sue Su, Jeremiah Cohen",hopkins_ephys,,True,scratch/sueSu/ZS062/mZS062d20210415,File not found,,,,,,,,,,,,,,,,,,,,,,,,,False,False
mZS062d20210416,ephys,ZS062,2021-04-16,hopkins,"Sue Su, Jeremiah Cohen",hopkins_ephys,,True,scratch/sueSu/ZS062/mZS062d20210416,File not found,,,,,,,,,,,,,,,,,,,,,,,,,False,False
mZS062d20210417,ephys,ZS062,2021-04-17,hopkins,"Sue Su, Jeremiah Cohen",hopkins_ephys,,True,scratch/sueSu/ZS062/mZS062d20210417,File not found,,,,,,,,,,,,,,,,,,,,,,,,,False,False
mZS062d20210418,ephys,ZS062,2021-04-18,hopkins,"Sue Su, Jeremiah Cohen",hopkins_ephys,,True,scratch/sueSu/ZS062/mZS062d20210418,File not found,,,,,,,,,,,,,,,,,,,,,,,,,False,False
mZS062d20210419,ephys,ZS062,2021-04-19,hopkins,"Sue Su, Jeremiah Cohen",hopkins_ephys,,True,scratch/sueSu/ZS062/mZS062d20210419,File not found,,,,,,,,,,,,,,,,,,,,,,,,,False,False
mZS062d20210420,ephys,ZS062,2021-04-20,hopkins,"Sue Su, Jeremiah Cohen",hopkins_ephys,,True,scratch/sueSu/ZS062/mZS062d20210420,File not found,,,,,,,,,,,,,,,,,,,,,,,,,False,False
mZS062d20210421,ephys,ZS062,2021-04-21,hopkins,"Sue Su, Jeremiah Cohen",hopkins_ephys,,True,scratch/sueSu/ZS062/mZS062d20210421,File not found,,,,,,,,,,,,,,,,,,,,,,,,,False,False
mZS062d20210422,ephys,ZS062,2021-04-22,hopkins,"Sue Su, Jeremiah Cohen",hopkins_ephys,,True,scratch/sueSu/ZS062/mZS062d20210422,File not found,,,,,,,,,,,,,,,,,,,,,,,,,False,False
mZS062d20210423,ephys,ZS062,2021-04-23,hopkins,"Sue Su, Jeremiah Cohen",hopkins_ephys,,True,scratch/sueSu/ZS062/mZS062d20210423,File not found,,,,,,,,,,,,,,,,,,,,,,,,,False,False
mZS062d20210424,ephys,ZS062,2021-04-24,hopkins,"Sue Su, Jeremiah Cohen",hopkins_ephys,,True,scratch/sueSu/ZS062/mZS062d20210424,File not found,,,,,,,,,,,,,,,,,,,,,,,,,False,False
mZS062d20210425,ephys,ZS062,2021-04-25,hopkins,"Sue Su, Jeremiah Cohen",hopkins_ephys,,True,scratch/sueSu/ZS062/mZS062d20210425,File not found,,,,,,,,,,,,,,,,,,,,,,,,,False,False
mZS062d20210426,ephys,ZS062,2021-04-26,hopkins,"Sue Su, Jeremiah Cohen",hopkins_ephys,,True,scratch/sueSu/ZS062/mZS062d20210426,File not found,,,,,,,,,,,,,,,,,,,,,,,,,False,False
mZS062d20210427,ephys,ZS062,2021-04-27,hopkins,"Sue Su, Jeremiah Cohen",hopkins_ephys,,True,scratch/sueSu/ZS062/mZS062d20210427,File not found,,,,,,,,,,,,,,,,,,,,,,,,,False,False
mZS062d20210428,ephys,ZS062,2021-04-28,hopkins,"Sue Su, Jeremiah Cohen",hopkins_ephys,,True,scratch/sueSu/ZS062/mZS062d20210428,File not found,,,,,,,,,,,,,,,,,,,,,,,,,False,False
mZS062d20210429,ephys,ZS062,2021-04-29,hopkins,"Sue Su, Jeremiah Cohen",hopkins_ephys,,True,scratch/sueSu/ZS062/mZS062d20210429,File not found,,,,,,,,,,,,,,,,,,,,,,,,,False,False
mZS062d20210430,ephys,ZS062,2021-04-30,hopkins,"Sue Su, Jeremiah Cohen",hopkins_ephys,,True,scratch/sueSu/ZS062/mZS062d20210430,File not found,,,,,,,,,,,,,,,,,,,,,,,,,False,False
mZS062d20210501,ephys,ZS062,2021-05-01,hopkins,"Sue Su, Jeremiah Cohen",hopkins_ephys,,True,scratch/sueSu/ZS062/mZS062d20210501,File not found,,,,,,,,,,,,,,,,,,,,,,,,,False,False
mZS062d20210502,ephys,ZS062,2021-05-02,hopkins,"Sue Su, Jeremiah Cohen",hopkins_ephys,,True,scratch/sueSu/ZS062/mZS062d20210502,File not found,,,,,,,,,,,,,,,,,,,,,,,,,False,False
mZS062d20210503,ephys,ZS062,2021-05-03,hopkins,"Sue Su, Jeremiah Cohen",hopkins_ephys,,True,scratch/sueSu/ZS062/mZS062d20210503,File not found,,,,,,,,,,,,,,,,,,,,,,,,,False,False
mZS062d20210504,ephys,ZS062,2021-05-04,hopkins,"Sue Su, Jeremiah Cohen",hopkins_ephys,,True,scratch/sueSu/ZS062/mZS062d20210504,File not found,,,,,,,,,,,,,,,,,,,,,,,,,False,False
mZS062d20210505,ephys,ZS062,2021-05-05,hopkins,"Sue Su, Jeremiah Cohen",hopkins_ephys,,True,scratch/sueSu/ZS062/mZS062d20210505,File not found,,,,,,,,,,,,,,,,,,,,,,,,,False,False
mZS062d20210506,ephys,ZS062,2021-05-06,hopkins,"Sue Su, Jeremiah Cohen",hopkins_ephys,,True,scratch/sueSu/ZS062/mZS062d20210506,File not found,,,,,,,,,,,,,,,,,,,,,,,,,False,False
mZS062d20210507,ephys,ZS062,2021-05-07,hopkins,"Sue Su, Jeremiah Cohen",hopkins_ephys,,True,scratch/sueSu/ZS062/mZS062d20210507,File not found,,,,,,,,,,,,,,,,,,,,,,,,,False,False
mZS062d20210508,ephys,ZS062,2021-05-08,hopkins,"Sue Su, Jeremiah Cohen",hopkins_ephys,,True,scratch/sueSu/ZS062/mZS062d20210508,File not found,,,,,,,,,,,,,,,,,,,,,,,,,False,False
mZS062d20210509,ephys,ZS062,2021-05-09,hopkins,"Sue Su, Jeremiah Cohen",hopkins_ephys,,True,scratch/sueSu/ZS062/mZS062d20210509,File not found,,,,,,,,,,,,,,,,,,,,,,,,,False,False
mZS062d20210510,ephys,ZS062,2021-05-10,hopkins,"Sue Su, Jeremiah Cohen",hopkins_ephys,,True,scratch/sueSu/ZS062/mZS062d20210510,File not found,,,,,,,,,,,,,,,,,,,,,,,,,False,False
mZS062d20210511,ephys,ZS062,2021-05-11,hopkins,"Sue Su, Jeremiah Cohen",hopkins_ephys,,True,scratch/sueSu/ZS062/mZS062d20210511,File not found,,,,,,,,,,,,,,,,,,,,,,,,,False,False
mZS060d20210320,ephys,ZS060,2021-03-20,hopkins,"Sue Su, Jeremiah Cohen",hopkins_ephys,,True,scratch/sueSu/ZS060/mZS060d20210320,File not found,,,,,,,,,,,,,,,,,,,,,,,,,False,False
mZS060d20210321,ephys,ZS060,2021-03-21,hopkins,"Sue Su, Jeremiah Cohen",hopkins_ephys,,True,scratch/sueSu/ZS060/mZS060d20210321,File not found,,,,,,,,,,,,,,,,,,,,,,,,,False,False
mZS060d20210322,ephys,ZS060,2021-03-22,hopkins,"Sue Su, Jeremiah Cohen",hopkins_ephys,,True,scratch/sueSu/ZS060/mZS060d20210322,File not found,,,,,,,,,,,,,,,,,,,,,,,,,False,False
mZS060d20210323,ephys,ZS060,2021-03-23,hopkins,"Sue Su, Jeremiah Cohen",hopkins_ephys,,True,scratch/sueSu/ZS060/mZS060d20210323,File not found,,,,,,,,,,,,,,,,,,,,,,,,,False,False
mZS060d20210324,ephys,ZS060,2021-03-24,hopkins,"Sue Su, Jeremiah Cohen",hopkins_ephys,,True,scratch/sueSu/ZS060/mZS060d20210324,File not found,,,,,,,,,,,,,,,,,,,,,,,,,False,False
mZS060d20210325,ephys,ZS060,2021-03-25,hopkins,"Sue Su, Jeremiah Cohen",hopkins_ephys,,True,scratch/sueSu/ZS060/mZS060d20210325,File not found,,,,,,,,,,,,,,,,,,,,,,,,,False,False
mZS060d20210326,ephys,ZS060,2021-03-26,hopkins,"Sue Su, Jeremiah Cohen",hopkins_ephys,,True,scratch/sueSu/ZS060/mZS060d20210326,File not found,,,,,,,,,,,,,,,,,,,,,,,,,False,False
mZS060d20210327,ephys,ZS060,2021-03-27,hopkins,"Sue Su, Jeremiah Cohen",hopkins_ephys,,True,scratch/sueSu/ZS060/mZS060d20210327,File not found,,,,,,,,,,,,,,,,,,,,,,,,,False,False
mZS060d20210328,ephys,ZS060,2021-03-28,hopkins,"Sue Su, Jeremiah Cohen",hopkins_ephys,,True,scratch/sueSu/ZS060/mZS060d20210328,File not found,,,,,,,,,,,,,,,,,,,,,,,,,False,False
mZS060d20210329,ephys,ZS060,2021-03-29,hopkins,"Sue Su, Jeremiah Cohen",hopkins_ephys,,True,scratch/sueSu/ZS060/mZS060d20210329,File not found,,,,,,,,,,,,,,,,,,,,,,,,,False,False
mZS060d20210330,ephys,ZS060,2021-03-30,hopkins,"Sue Su, Jeremiah Cohen",hopkins_ephys,,True,scratch/sueSu/ZS060/mZS060d20210330,File not found,,,,,,,,,,,,,,,,,,,,,,,,,False,False
mZS060d20210331,ephys,ZS060,2021-03-31,hopkins,"Sue Su, Jeremiah Cohen",hopkins_ephys,,True,scratch/sueSu/ZS060/mZS060d20210331,File not found,,,,,,,,,,,,,,,,,,,,,,,,,False,False
mZS060d20210401,ephys,ZS060,2021-04-01,hopkins,"Sue Su, Jeremiah Cohen",hopkins_ephys,,True,scratch/sueSu/ZS060/mZS060d20210401,File not found,,,,,,,,,,,,,,,,,,,,,,,,,False,False
mZS060d20210402,ephys,ZS060,2021-04-02,hopkins,"Sue Su, Jeremiah Cohen",hopkins_ephys,,True,scratch/sueSu/ZS060/mZS060d20210402,File not found,,,,,,,,,,,,,,,,,,,,,,,,,False,False
mZS060d20210403,ephys,ZS060,2021-04-03,hopkins,"Sue Su, Jeremiah Cohen",hopkins_ephys,,True,scratch/sueSu/ZS060/mZS060d20210403,File not found,,,,,,,,,,,,,,,,,,,,,,,,,False,False
mZS060d20210404,ephys,ZS060,2021-04-04,hopkins,"Sue Su, Jeremiah Cohen",hopkins_ephys,,True,scratch/sueSu/ZS060/mZS060d20210404,File not found,,,,,,,,,,,,,,,,,,,,,,,,,False,False
mZS060d20210407,ephys,ZS060,2021-04-07,hopkins,"Sue Su, Jeremiah Cohen",hopkins_ephys,,True,scratch/sueSu/ZS060/mZS060d20210407,File not found,,,,,,,,,,,,,,,,,,,,,,,,,False,False
mZS060d20210408,ephys,ZS060,2021-04-08,hopkins,"Sue Su, Jeremiah Cohen",hopkins_ephys,,True,scratch/sueSu/ZS060/mZS060d20210408,File not found,,,,,,,,,,,,,,,,,,,,,,,,,False,False
mZS060d20210409,ephys,ZS060,2021-04-09,hopkins,"Sue Su, Jeremiah Cohen",hopkins_ephys,,True,scratch/sueSu/ZS060/mZS060d20210409,File not found,,,,,,,,,,,,,,,,,,,,,,,,,False,False
mZS060d20210410,ephys,ZS060,2021-04-10,hopkins,"Sue Su, Jeremiah Cohen",hopkins_ephys,,True,scratch/sueSu/ZS060/mZS060d20210410,File not found,,,,,,,,,,,,,,,,,,,,,,,,,False,False
mZS060d20210411,ephys,ZS060,2021-04-11,hopkins,"Sue Su, Jeremiah Cohen",hopkins_ephys,,True,scratch/sueSu/ZS060/mZS060d20210411,File not found,,,,,,,,,,,,,,,,,,,,,,,,,False,False
mZS060d20210412,ephys,ZS060,2021-04-12,hopkins,"Sue Su, Jeremiah Cohen",hopkins_ephys,,True,scratch/sueSu/ZS060/mZS060d20210412,File not found,,,,,,,,,,,,,,,,,,,,,,,,,False,False
mZS060d20210413,ephys,ZS060,2021-04-13,hopkins,"Sue Su, Jeremiah Cohen",hopkins_ephys,,False,,Processing error: 'float' object has no attribute 'startswith',,,,,,,,,,,,,,,,,,,,,,,,,False,False
mZS060d20210414,ephys,ZS060,2021-04-14,hopkins,"Sue Su, Jeremiah Cohen",hopkins_ephys,,True,scratch/sueSu/ZS060/mZS060d20210414,File not found,,,,,,,,,,,,,,,,,,,,,,,,,False,False
mZS060d20210415,ephys,ZS060,2021-04-15,hopkins,"Sue Su, Jeremiah Cohen",hopkins_ephys,,True,scratch/sueSu/ZS060/mZS060d20210415,File not found,,,,,,,,,,,,,,,,,,,,,,,,,False,False
mZS060d20210416,ephys,ZS060,2021-04-16,hopkins,"Sue Su, Jeremiah Cohen",hopkins_ephys,,True,scratch/sueSu/ZS060/mZS060d20210416,File not found,,,,,,,,,,,,,,,,,,,,,,,,,False,False
mZS060d20210421,ephys,ZS060,2021-04-21,hopkins,"Sue Su, Jeremiah Cohen",hopkins_ephys,,True,scratch/sueSu/ZS060/mZS060d20210421,File not found,,,,,,,,,,,,,,,,,,,,,,,,,False,False
mZS060d20210422,ephys,ZS060,2021-04-22,hopkins,"Sue Su, Jeremiah Cohen",hopkins_ephys,,True,scratch/sueSu/ZS060/mZS060d20210422,File not found,,,,,,,,,,,,,,,,,,,,,,,,,False,False
mZS060d20210423,ephys,ZS060,2021-04-23,hopkins,"Sue Su, Jeremiah Cohen",hopkins_ephys,,True,scratch/sueSu/ZS060/mZS060d20210423,File not found,,,,,,,,,,,,,,,,,,,,,,,,,False,False
mZS060d20210424,ephys,ZS060,2021-04-24,hopkins,"Sue Su, Jeremiah Cohen",hopkins_ephys,,True,scratch/sueSu/ZS060/mZS060d20210424,File not found,,,,,,,,,,,,,,,,,,,,,,,,,False,False
mZS060d20210425,ephys,ZS060,2021-04-25,hopkins,"Sue Su, Jeremiah Cohen",hopkins_ephys,,True,scratch/sueSu/ZS060/mZS060d20210425,File not found,,,,,,,,,,,,,,,,,,,,,,,,,False,False
mZS060d20210426,ephys,ZS060,2021-04-26,hopkins,"Sue Su, Jeremiah Cohen",hopkins_ephys,,True,scratch/sueSu/ZS060/mZS060d20210426,File not found,,,,,,,,,,,,,,,,,,,,,,,,,False,False
mZS060d20210427,ephys,ZS060,2021-04-27,hopkins,"Sue Su, Jeremiah Cohen",hopkins_ephys,,True,scratch/sueSu/ZS060/mZS060d20210427,File not found,,,,,,,,,,,,,,,,,,,,,,,,,False,False
mZS060d20210428,ephys,ZS060,2021-04-28,hopkins,"Sue Su, Jeremiah Cohen",hopkins_ephys,,True,scratch/sueSu/ZS060/mZS060d20210428,File not found,,,,,,,,,,,,,,,,,,,,,,,,,False,False
mZS060d20210429,ephys,ZS060,2021-04-29,hopkins,"Sue Su, Jeremiah Cohen",hopkins_ephys,,True,scratch/sueSu/ZS060/mZS060d20210429,File not found,,,,,,,,,,,,,,,,,,,,,,,,,False,False
mZS059d20210324,ephys,ZS059,2021-03-24,hopkins,"Sue Su, Jeremiah Cohen",hopkins_ephys,,True,scratch/sueSu/ZS059/mZS059d20210324,File not found,,,,,,,,,,,,,,,,,,,,,,,,,False,False
mZS059d20210325,ephys,ZS059,2021-03-25,hopkins,"Sue Su, Jeremiah Cohen",hopkins_ephys,,True,scratch/sueSu/ZS059/mZS059d20210325,File not found,,,,,,,,,,,,,,,,,,,,,,,,,False,False
mZS059d20210326,ephys,ZS059,2021-03-26,hopkins,"Sue Su, Jeremiah Cohen",hopkins_ephys,,True,scratch/sueSu/ZS059/mZS059d20210326,File not found,,,,,,,,,,,,,,,,,,,,,,,,,False,False
mZS059d20210327,ephys,ZS059,2021-03-27,hopkins,"Sue Su, Jeremiah Cohen",hopkins_ephys,,True,scratch/sueSu/ZS059/mZS059d20210327,File not found,,,,,,,,,,,,,,,,,,,,,,,,,False,False
mZS059d20210328,ephys,ZS059,2021-03-28,hopkins,"Sue Su, Jeremiah Cohen",hopkins_ephys,,True,scratch/sueSu/ZS059/mZS059d20210328,File not found,,,,,,,,,,,,,,,,,,,,,,,,,False,False
mZS059d20210329,ephys,ZS059,2021-03-29,hopkins,"Sue Su, Jeremiah Cohen",hopkins_ephys,,True,scratch/sueSu/ZS059/mZS059d20210329,File not found,,,,,,,,,,,,,,,,,,,,,,,,,False,False
mZS059d20210330,ephys,ZS059,2021-03-30,hopkins,"Sue Su, Jeremiah Cohen",hopkins_ephys,,True,scratch/sueSu/ZS059/mZS059d20210330,File not found,,,,,,,,,,,,,,,,,,,,,,,,,False,False
mZS059d20210331,ephys,ZS059,2021-03-31,hopkins,"Sue Su, Jeremiah Cohen",hopkins_ephys,,True,scratch/sueSu/ZS059/mZS059d20210331,File not found,,,,,,,,,,,,,,,,,,,,,,,,,False,False
mZS059d20210401,ephys,ZS059,2021-04-01,hopkins,"Sue Su, Jeremiah Cohen",hopkins_ephys,,True,scratch/sueSu/ZS059/mZS059d20210401,File not found,,,,,,,,,,,,,,,,,,,,,,,,,False,False
mZS059d20210402,ephys,ZS059,2021-04-02,hopkins,"Sue Su, Jeremiah Cohen",hopkins_ephys,,True,scratch/sueSu/ZS059/mZS059d20210402,File not found,,,,,,,,,,,,,,,,,,,,,,,,,False,False
mZS059d20210403,ephys,ZS059,2021-04-03,hopkins,"Sue Su, Jeremiah Cohen",hopkins_ephys,,True,scratch/sueSu/ZS059/mZS059d20210403,File not found,,,,,,,,,,,,,,,,,,,,,,,,,False,False
mZS059d20210404,ephys,ZS059,2021-04-04,hopkins,"Sue Su, Jeremiah Cohen",hopkins_ephys,,True,scratch/sueSu/ZS059/mZS059d20210404,File not found,,,,,,,,,,,,,,,,,,,,,,,,,False,False
mZS059d20210405,ephys,ZS059,2021-04-05,hopkins,"Sue Su, Jeremiah Cohen",hopkins_ephys,,True,scratch/sueSu/ZS059/mZS059d20210405,File not found,,,,,,,,,,,,,,,,,,,,,,,,,False,False
mZS059d20210406,ephys,ZS059,2021-04-06,hopkins,"Sue Su, Jeremiah Cohen",hopkins_ephys,,True,scratch/sueSu/ZS059/mZS059d20210406,File not found,,,,,,,,,,,,,,,,,,,,,,,,,False,False
mZS059d20210407,ephys,ZS059,2021-04-07,hopkins,"Sue Su, Jeremiah Cohen",hopkins_ephys,,True,scratch/sueSu/ZS059/mZS059d20210407,File not found,,,,,,,,,,,,,,,,,,,,,,,,,False,False
mZS059d20210408,ephys,ZS059,2021-04-08,hopkins,"Sue Su, Jeremiah Cohen",hopkins_ephys,,True,scratch/sueSu/ZS059/mZS059d20210408,File not found,,,,,,,,,,,,,,,,,,,,,,,,,False,False
mZS059d20210409,ephys,ZS059,2021-04-09,hopkins,"Sue Su, Jeremiah Cohen",hopkins_ephys,,True,scratch/sueSu/ZS059/mZS059d20210409,File not found,,,,,,,,,,,,,,,,,,,,,,,,,False,False
mZS059d20210410,ephys,ZS059,2021-04-10,hopkins,"Sue Su, Jeremiah Cohen",hopkins_ephys,,True,scratch/sueSu/ZS059/mZS059d20210410,File not found,,,,,,,,,,,,,,,,,,,,,,,,,False,False
mZS059d20210411,ephys,ZS059,2021-04-11,hopkins,"Sue Su, Jeremiah Cohen",hopkins_ephys,,True,scratch/sueSu/ZS059/mZS059d20210411,File not found,,,,,,,,,,,,,,,,,,,,,,,,,False,False
mZS059d20210412,ephys,ZS059,2021-04-12,hopkins,"Sue Su, Jeremiah Cohen",hopkins_ephys,,True,scratch/sueSu/ZS059/mZS059d20210412,File not found,,,,,,,,,,,,,,,,,,,,,,,,,False,False
mZS059d20210413,ephys,ZS059,2021-04-13,hopkins,"Sue Su, Jeremiah Cohen",hopkins_ephys,,True,scratch/sueSu/ZS059/mZS059d20210413,File not found,,,,,,,,,,,,,,,,,,,,,,,,,False,False
mZS059d20210414,ephys,ZS059,2021-04-14,hopkins,"Sue Su, Jeremiah Cohen",hopkins_ephys,,True,scratch/sueSu/ZS059/mZS059d20210414,File not found,,,,,,,,,,,,,,,,,,,,,,,,,False,False
mZS059d20210415,ephys,ZS059,2021-04-15,hopkins,"Sue Su, Jeremiah Cohen",hopkins_ephys,,True,scratch/sueSu/ZS059/mZS059d20210415,File not found,,,,,,,,,,,,,,,,,,,,,,,,,False,False
mZS059d20210416,ephys,ZS059,2021-04-16,hopkins,"Sue Su, Jeremiah Cohen",hopkins_ephys,,True,scratch/sueSu/ZS059/mZS059d20210416,File not found,,,,,,,,,,,,,,,,,,,,,,,,,False,False
mZS059d20210417,ephys,ZS059,2021-04-17,hopkins,"Sue Su, Jeremiah Cohen",hopkins_ephys,,True,scratch/sueSu/ZS059/mZS059d20210417,File not found,,,,,,,,,,,,,,,,,,,,,,,,,False,False
mZS059d20210418,ephys,ZS059,2021-04-18,hopkins,"Sue Su, Jeremiah Cohen",hopkins_ephys,,True,scratch/sueSu/ZS059/mZS059d20210418,File not found,,,,,,,,,,,,,,,,,,,,,,,,,False,False
mZS059d20210419,ephys,ZS059,2021-04-19,hopkins,"Sue Su, Jeremiah Cohen",hopkins_ephys,,True,scratch/sueSu/ZS059/mZS059d20210419,File not found,,,,,,,,,,,,,,,,,,,,,,,,,False,False
mZS059d20210420,ephys,ZS059,2021-04-20,hopkins,"Sue Su, Jeremiah Cohen",hopkins_ephys,,True,scratch/sueSu/ZS059/mZS059d20210420,File not found,,,,,,,,,,,,,,,,,,,,,,,,,False,False
mZS059d20210421,ephys,ZS059,2021-04-21,hopkins,"Sue Su, Jeremiah Cohen",hopkins_ephys,,True,scratch/sueSu/ZS059/mZS059d20210421,File not found,,,,,,,,,,,,,,,,,,,,,,,,,False,False
mZS059d20210422,ephys,ZS059,2021-04-22,hopkins,"Sue Su, Jeremiah Cohen",hopkins_ephys,,True,scratch/sueSu/ZS059/mZS059d20210422,File not found,,,,,,,,,,,,,,,,,,,,,,,,,False,False
mZS059d20210423,ephys,ZS059,2021-04-23,hopkins,"Sue Su, Jeremiah Cohen",hopkins_ephys,,True,scratch/sueSu/ZS059/mZS059d20210423,File not found,,,,,,,,,,,,,,,,,,,,,,,,,False,False
mZS059d20210424,ephys,ZS059,2021-04-24,hopkins,"Sue Su, Jeremiah Cohen",hopkins_ephys,,True,scratch/sueSu/ZS059/mZS059d20210424,File not found,,,,,,,,,,,,,,,,,,,,,,,,,False,False
mZS059d20210425,ephys,ZS059,2021-04-25,hopkins,"Sue Su, Jeremiah Cohen",hopkins_ephys,,True,scratch/sueSu/ZS059/mZS059d20210425,File not found,,,,,,,,,,,,,,,,,,,,,,,,,False,False
mZS059d20210426,ephys,ZS059,2021-04-26,hopkins,"Sue Su, Jeremiah Cohen",hopkins_ephys,,True,scratch/sueSu/ZS059/mZS059d20210426,File not found,,,,,,,,,,,,,,,,,,,,,,,,,False,False
mZS059d20210427,ephys,ZS059,2021-04-27,hopkins,"Sue Su, Jeremiah Cohen",hopkins_ephys,,True,scratch/sueSu/ZS059/mZS059d20210427,File not found,,,,,,,,,,,,,,,,,,,,,,,,,False,False
mZS059d20210428,ephys,ZS059,2021-04-28,hopkins,"Sue Su, Jeremiah Cohen",hopkins_ephys,,True,scratch/sueSu/ZS059/mZS059d20210428,File not found,,,,,,,,,,,,,,,,,,,,,,,,,False,False
mZS059d20210429,ephys,ZS059,2021-04-29,hopkins,"Sue Su, Jeremiah Cohen",hopkins_ephys,,True,scratch/sueSu/ZS059/mZS059d20210429,File not found,,,,,,,,,,,,,,,,,,,,,,,,,False,False
